"Pillar","Feature","Product","Module","Feature Owner","Release","Status NFS","Status WN","Feature Category","Tags ( AI / Redwood/AI Agent)","OUPM Name","Prod Mngr Name","CDL Name","DCFR Ranking","OMBP Mapping","Training Required? ","Reason why NF content cannot be built?","Implementation Feature? [Y/N] ","Qualifies for Certification question","Maps to Base Exam ( Provide base exam name)","Map to Delta Exam ( Provide Delta exam name)","List the Courses Impacted","Implementation Learning Path","CDL Assessment Complete?","Recording Date","Feature Classification","Combined Feature Video Name","CDL Daily Status Update","Type of Issue","Details of the Issue faced ","Response Received","Issue Resolution Outcome","Generate PPT (Exit From Grid View)","PPT Link","Recording","Video Ready for Pick-up","Video Ready Date","Review Status","Send Fixes Email To CDL","Video Review Fixes","PP Required?","QA Required?","PP Notes","Ready for PP","PP Dispatch Date","Post Production Resource","Post Production Start Date","Video ID","PP Complete","Post Production End Date","QA Dispatch Date","QA Resource","QA Date","QA Observations","QA Fixes Notification","QA Fixes?","QA Fixes Complete","QA Result ( Pass/ Fixes)","QA Complete","Setup Dispatch Date","Existing Setup Data","Setup Date","Awaiting Setup Data","MyLearn Link to Video","Container ID","Component ID","Transcript ID","Setup Status","OUPM Final Sign-off","LP Name","LP Description","Course Name","Course Description","Course Benefits","Course Keywords","Course Filters To Be Associated","Module Name","Final Overall Status","Target Release Date","Target Release Tier","Actual Release Date","Actual Release Tier","Feature GCC"
"CX CPQ","Configuration Layout Editor for Redwood UI Enhancements","Configure, Price, Quote","Configuration","lori.collins@oracle.com","26D","New","Ready","Ready to use, small scale with prerequisite",,"Pavithra","Pavithra","Shivam",,"Quote to Revenue","Yes",,"Yes","No",,,"CPQ New Features (26D)","Become a Certified Configure, Price, Quote Implementer Professional","Yes","10/12/2026","Single NF",,"Recorded & Uploaded For Review",,,,,,"https://oracle.sharepoint.com/teams/OUCloudAppsCurriculumProductManagementAutomation/Content%20Files/26D%20NF/CX%20CPQ/Shivam/26DCXCPQ0116-ConfigurationLayoutEditorforRedwoodUIEnhancements.pptx?web=1&action=edit",,,"10/8/2026 7:12 AM",,,,,,,,,,,,,,,,,,,,,,,,,,,,,,,,,,,,,,,,,"In Review (A)",,,,,"26DCX CPQ0116"
"CX CPQ","Diagnostic logs in Oracle CPQ Running in Fusion","Configure, Price, Quote","Logs and Utilities","lori.collins@oracle.com","26D","New","New","Ready to use, small scale with prerequisite",,"Pavithra","Pavithra","Shivam",,"Quote to Revenue","Yes",,"Yes","No",,,"CPQ New Features (26D)","Become a Certified Configure, Price, Quote Implementer Professional","Yes","10/12/2026","Single NF",,"Recorded & Uploaded For Review",,,,,,"https://oracle.sharepoint.com/teams/OUCloudAppsCurriculumProductManagementAutomation/Content%20Files/26D%20NF/CX%20CPQ/Shivam/26DCXCPQ0117-DiagnosticlogsinOracleCPQRunninginFusion.pptx?web=1&action=edit",,,"10/8/2026 7:13 AM",,,,,,,,,,,,,,,,,,,,,,,,,,,,,,,,,,,,,,,,,"In Review (A)",,,,,"26DCX CPQ0117"
"CX CPQ","Fusion sales agreement contract and pricing integration with Oracle CPQ running in Fusion","Configure, Price, Quote","Integration","lori.collins@oracle.com","26D","New","New","Setup Required",,"Pavithra","Pavithra","Shivam",,,"No","Need Separate Integration",,,,,,,,,,,,,,,,,,,,,,,,,,,,,,,,,,,,,,,,,,,,,,,,,,,,,,,,,,,,,,,,,,"26DCX CPQ0118"
"CX CPQ","Guided Quote Assistant Enhancements for Oracle CPQ running in Fusion","Configure, Price, Quote","Quoting","lori.collins@oracle.com","26D","New","New","Ready to use, small scale with prerequisite",,"Pavithra","Pavithra","Shivam",,"Quote to Revenue","Yes",,"Yes","No",,,"CPQ New Features (26D)","Become a Certified Configure, Price, Quote Implementer Professional","Yes","10/9/2026","Single NF",,,,,,,,"https://oracle.sharepoint.com/teams/OUCloudAppsCurriculumProductManagementAutomation/Content%20Files/26D%20NF/CX%20CPQ/Shivam/26DCXCPQ0119-GuidedQuoteAssistantEnhancementsforOracleCPQrunninginFusion.pptx?web=1&action=edit",,,,,,,,,,,,,,,,,,,,,,,,,,,,,,,,,,,,,,,,,,,,,,,,,"26DCX CPQ0119"
"CX CPQ","Honor sales agreement pricing from Fusion Pricing for Oracle CPQ running in Fusion","Configure, Price, Quote","Pricing","lori.collins@oracle.com","26D","New","Ready","Setup Required",,"Pavithra","Pavithra","Shivam",,,"No","Need Separate Integration",,,,,,,,,,,,,,,,,,,,,,,,,,,,,,,,,,,,,,,,,,,,,,,,,,,,,,,,,,,,,,,,,,"26DCX CPQ0120"
"CX CPQ","Include Fusion Contracts terms and conditions in proposals for Oracle CPQ running in Fusion","Configure, Price, Quote","Quoting","lori.collins@oracle.com","26D","New","New","Setup Required",,"Pavithra","Pavithra","Shivam",,,"No","Need Separate Integration",,,,,,,,,,,,,,,,,,,,,,,,,,,,,,,,,,,,,,,,,,,,,,,,,,,,,,,,,,,,,,,,,,"26DCX CPQ0121"
"CX CPQ","Microsoft Dynamics 365 integration with Oracle CPQ Running in Fusion","Configure, Price, Quote","Integration","lori.collins@oracle.com","26D","New","New","Setup Required",,"Pavithra","Pavithra","Shivam",,,"No","Need Separate Integration",,,,,,,,,,,,,,,,,,,,,,,,,,,,,,,,,,,,,,,,,,,,,,,,,,,,,,,,,,,,,,,,,,"26DCX CPQ0122"
"CX CPQ","Negotiate Fusion Pricing rate plans and entitlements in quotes for Oracle CPQ running in Fusion","Configure, Price, Quote","Quoting","lori.collins@oracle.com","26D","New","Ready","Setup Required",,"Pavithra","Pavithra","Shivam",,"Quote to Revenue","Yes",,"Yes","No",,,"CPQ New Features (26D)","Become a Certified Configure, Price, Quote Implementer Professional","Yes","10/9/2026","Single NF",,,,,,,,"https://oracle.sharepoint.com/teams/OUCloudAppsCurriculumProductManagementAutomation/Content%20Files/26D%20NF/CX%20CPQ/Shivam/26DCXCPQ0123-NegotiateFusionPricingrateplansandentitlementsinquotesforOracleCPQrunninginFusion.pptx?web=1&action=edit",,,,,,,,,,,,,,,,,,,,,,,,,,,,,,,,,,,,,,,,,,,,,,,,,"26DCX CPQ0123"
"CX CPQ","Oracle CPQ running in Fusion and Order Management hybrid models","Configure, Price, Quote","Quoting","lori.collins@oracle.com","26D","New","New","Ready to use, small scale with prerequisite",,"Pavithra","Pavithra","Shivam",,"Quote to Revenue","Yes",,"Yes","No",,,"CPQ New Features (26D)","Become a Certified Configure, Price, Quote Implementer Professional","Yes","10/8/2026","Single NF",,,,,,,,"https://oracle.sharepoint.com/teams/OUCloudAppsCurriculumProductManagementAutomation/Content%20Files/26D%20NF/CX%20CPQ/Shivam/26DCXCPQ0124-OracleCPQrunninginFusionandOrderManagementhybridmodels.pptx?web=1&action=edit",,,,,,,,,,,,,,,,,,,,,,,,,,,,,,,,,,,,,,,,,,,,,,,,,"26DCX CPQ0124"
"CX CPQ","Product catalog direct search for Oracle CPQ running in Fusion","Configure, Price, Quote","Configuration","lori.collins@oracle.com","26D","New","New","Setup Required",,"Pavithra","Pavithra","Shivam",,"Quote to Revenue","Yes",,"Yes","No",,,"CPQ New Features (26D)","Become a Certified Configure, Price, Quote Implementer Professional","Yes","10/8/2026","Single NF",,"SR raised","Configuration","SR 0000012381 ",,,,"https://oracle.sharepoint.com/teams/OUCloudAppsCurriculumProductManagementAutomation/Content%20Files/26D%20NF/CX%20CPQ/Shivam/26DCXCPQ0125-ProductcatalogdirectsearchforOracleCPQrunninginFusion.pptx?web=1&action=edit",,,,,,,,,,,,,,,,,,,,,,,,,,,,,,,,,,,,,,,,,,,,,,,,,"26DCX CPQ0125"
"CX CPQ","Salesforce Connector Managed Package 8.12","Configure, Price, Quote","Integration","lori.collins@oracle.com","26D","New","New","Setup Required",,"Pavithra","Pavithra","Shivam",,,"No","Need Salesforce Environment",,,,,,,,,,,,,,,,,,,,,,,,,,,,,,,,,,,,,,,,,,,,,,,,,,,,,,,,,,,,,,,,,,"26DCX CPQ0126"
"CX CPQ","Salesforce Connector Managed Package 8.12 for Oracle CPQ Running in Fusion","Configure, Price, Quote","Integration","lori.collins@oracle.com","26D","New","New","Setup Required",,"Pavithra","Pavithra","Shivam",,,"No","Need Salesforce Environment",,,,,,,,,,,,,,,,,,,,,,,,,,,,,,,,,,,,,,,,,,,,,,,,,,,,,,,,,,,,,,,,,,"26DCX CPQ0127"
"CX CPQ","Salesforce integration enhancements for Oracle CPQ","Configure, Price, Quote","Integration","lori.collins@oracle.com","26D","New","New","Ready to use, small scale with prerequisite",,"Pavithra","Pavithra","Shivam",,,"No","Need Salesforce Environment",,,,,,,,,,,,,,,,,,,,,,,,,,,,,,,,,,,,,,,,,,,,,,,,,,,,,,,,,,,,,,,,,,"26DCX CPQ0128"
"CX CPQ","Show product availability on quotes with Fusion Pricing for Oracle CPQ running in Fusion","Configure, Price, Quote","Quoting","lori.collins@oracle.com","26D","New","New","Setup Required",,"Pavithra","Pavithra","Shivam",,"Quote to Revenue","No","Additional setup is required for this in other fusion modules: Global Order Promising, and Planning Data Repository setup","Yes","No",,,"CPQ New Features (26D)","Become a Certified Configure, Price, Quote Implementer Professional","Yes","10/7/2026","Single NF",,,,,,,,"https://oracle.sharepoint.com/teams/OUCloudAppsCurriculumProductManagementAutomation/Content%20Files/26D%20NF/CX%20CPQ/Shivam/26DCXCPQ0129-ShowproductavailabilityonquoteswithFusionPricingforOracleCPQrunninginFusion.pptx?web=1&action=edit",,,,,,,,,,,,,,,,,,,,,,,,,,,,,,,,,,,,,,,,,,,,,,,,,"26DCX CPQ0129"
"CX CPQ","Support for changing currency for quotes with line items","Configure, Price, Quote","Quoting","lori.collins@oracle.com","26D","Ready","Ready","Setup Required",,"Pavithra","Pavithra","Shivam",,"Quote to Revenue","Yes",,"Yes","No",,,"CPQ New Features (26D)","Become a Certified Configure, Price, Quote Implementer Professional","Yes","10/7/2026","Single NF",,,,,,,,"https://oracle.sharepoint.com/teams/OUCloudAppsCurriculumProductManagementAutomation/Content%20Files/26D%20NF/CX%20CPQ/Shivam/26DCXCPQ0130-Supportforchangingcurrencyforquoteswithlineitems.pptx?web=1&action=edit",,,,,,,,,,,,,,,,,,,,,,,,,,,,,,,,,,,,,,,,,,,,,,,,,"26DCX CPQ0130"
"CX CPQ","Unified Configuration experience for Oracle CPQ running in Fusion","Configure, Price, Quote","Configuration","lori.collins@oracle.com","26D","New","New","Setup Required",,"Pavithra","Pavithra","Shivam",,"Quote to Revenue","Yes",,"Yes","No",,,"CPQ New Features (26D)","Become a Certified Configure, Price, Quote Implementer Professional","Yes","10/7/2026","Single NF",,,,,,,,"https://oracle.sharepoint.com/teams/OUCloudAppsCurriculumProductManagementAutomation/Content%20Files/26D%20NF/CX%20CPQ/Shivam/26DCXCPQ0131-UnifiedConfigurationexperienceforOracleCPQrunninginFusion.pptx?web=1&action=edit",,,,,,,,,,,,,,,,,,,,,,,,,,,,,,,,,,,,,,,,,,,,,,,,,"26DCX CPQ0131"
"CX CPQ","Use Adaptive Search for quotes in Oracle CPQ Running in Fusion","Configure, Price, Quote","Quoting","kartik.bhatia@oracle.com","26D","Reviewed","Ready","Opt In plus Setup",,"Pavithra","Pavithra","Shivam",,"Quote to Revenue","Yes",,"Yes","No",,,"CPQ New Features (26D)","Become a Certified Configure, Price, Quote Implementer Professional","Yes","10/8/2026","Single NF",,,,,,,,"https://oracle.sharepoint.com/teams/OUCloudAppsCurriculumProductManagementAutomation/Content%20Files/26D%20NF/CX%20CPQ/Shivam/26DCXCPQ0132-UseAdaptiveSearchforquotesinOracleCPQRunninginFusion.pptx?web=1&action=edit",,,,,,,,,,,,,,,,,,,,,,,,,,,,,,,,,,,,,,,,,,,,,,,,,"26DCX CPQ0132"
"CX CPQ","View product associations for coverage and subscriptions","Configure, Price, Quote","Asset-Based Ordering","haresh.pahilajani@oracle.com","26D","New","Ready","Setup Required",,"Pavithra","Pavithra","Shivam",,"Quote to Revenue","Yes",,"Yes","No",,,"CPQ New Features (26D)","Become a Certified Configure, Price, Quote Implementer Professional","Yes","10/9/2026","Single NF",,,,,,,,"https://oracle.sharepoint.com/teams/OUCloudAppsCurriculumProductManagementAutomation/Content%20Files/26D%20NF/CX%20CPQ/Shivam/26DCXCPQ0133-Viewproductassociationsforcoverageandsubscriptions.pptx?web=1&action=edit",,,,,,,,,,,,,,,,,,,,,,,,,,,,,,,,,,,,,,,,,,,,,,,,,"26DCX CPQ0133"
"CX CPQ","Visibility of integration type in the Integration Center for Oracle CPQ running in Fusion","Configure, Price, Quote","Integration","lori.collins@oracle.com","26D","New","New","Ready to use, small scale with prerequisite",,"Pavithra","Pavithra","Shivam",,"Quote to Revenue","Yes",,"Yes","No",,,"CPQ New Features (26D)","Become a Certified Configure, Price, Quote Implementer Professional","Yes","10/12/2026","Single NF",,"Recorded & Uploaded For Review",,,,,,"https://oracle.sharepoint.com/teams/OUCloudAppsCurriculumProductManagementAutomation/Content%20Files/26D%20NF/CX%20CPQ/Shivam/26DCXCPQ0134-VisibilityofintegrationtypeintheIntegrationCenterforOracleCPQrunninginFusion.pptx?web=1&action=edit",,,"10/8/2026 7:13 AM",,,,,,,,,,,,,,,,,,,,,,,,,,,,,,,,,,,,,,,,,"In Review (A)",,,,,"26DCX CPQ0134"
"CX Service","Collaborative Service Request","Service Center","Service Request Management","diana.hunt@oracle.com","11.13.26.10.0","Ready","Published","Setup Required","AI agent","Pavithra","Smita","Phil",,,,,,,,,,,,,,,,,,,,,,,,,,,,,,,,,,,,,,,,,,,,,,,,,,,,,,,,,,,,,,,,,,,,,,"26DCX Service0135"
"CX Service","Access Case Contact Details Using the HCM Navigator","Help Desk","Case Management","chris.warner@oracle.com","11.13.26.10.0","New","New","Ready to use, small scale with prerequisite",,"Pavithra","Smita","Phil",,,,,,,,,,,,,,,,,,,,,,,,,,,,,,,,,,,,,,,,,,,,,,,,,,,,,,,,,,,,,,,,,,,,,,"26DCX Service0136"
"CX Service","Add Links to External Documents and Systems from Help Desk Requests","Help Desk","Help Desk Request Management","michelle.walter@oracle.com","11.13.26.10.0","New","Published","Setup Required",,"Pavithra","Smita","Phil",,,,,,,,,,,,,,,,,,,,,,,,,,,,,,,,,,,,,,,,,,,,,,,,,,,,,,,,,,,,,,,,,,,,,,"26DCX Service0137"
"CX Service","Adopt the 26D improvements for the Employee Help Desk Self Service Assistant","Help Desk","Help Desk Self-Service","michelle.walter@oracle.com","11.13.26.10.0","New","Published","Setup Required",,"Pavithra","Smita","Phil",,,,,,,,,,,,,,,,,,,,,,,,,,,,,,,,,,,,,,,,,,,,,,,,,,,,,,,,,,,,,,,,,,,,,,"26DCX Service0138"
"CX Service","AI Agent: Service Request Post-Resolution Assistant","Service Center","Service Request Management","nithin.nassar@oracle.com","11.13.26.10.0","In Review","In Review","Setup Required","AI agent","Pavithra","Smita","Phil",,,,,,,,,,,,,,,,,,,,,,,,,,,,,,,,,,,,,,,,,,,,,,,,,,,,,,,,,,,,,,,,,,,,,,"26DCX Service0139"
"CX Service","Asset Information Management for Service Users","Service Center","Work Order Management","scott.sloan@oracle.com","11.13.26.10.0","New","Published","Ready to use, larger scale",,"Pavithra","Smita","Phil",,,,,,,,,,,,,,,,,,,,,,,,,,,,,,,,,,,,,,,,,,,,,,,,,,,,,,,,,,,,,,,,,,,,,,"26DCX Service0140"
"CX Service","Business Unit-Specific SmartText for Chat","Service Center","Service Channels","veena.verma@oracle.com","11.13.26.10.0","Ready","Published","Setup Required","Redwood Platform","Pavithra","Smita","Phil",,,,,,,,,,,,,,,,,,,,,,,,,,,,,,,,,,,,,,,,,,,,,,,,,,,,,,,,,,,,,,,,,,,,,,"26DCX Service0141"
"CX Service","Case Workers Can Now Manage Complex Issues within a Case","Help Desk","Help Desk Request Management","chris.warner@oracle.com","11.13.26.10.0","New","New","Ready to use, small scale with prerequisite",,"Pavithra","Smita","Phil",,,,,,,,,,,,,,,,,,,,,,,,,,,,,,,,,,,,,,,,,,,,,,,,,,,,,,,,,,,,,,,,,,,,,,"26DCX Service0142"
"CX Service","Configure an AI Agent to be the first interaction in the My Help chat flow","Help Desk","Help Desk Self-Service","michelle.walter@oracle.com","11.13.26.10.0","New","New","Setup Required","AI agent,Redwood Platform","Pavithra","Smita","Phil",,,,,,,,,,,,,,,,,,,,,,,,,,,,,,,,,,,,,,,,,,,,,,,,,,,,,,,,,,,,,,,,,,,,,,"26DCX Service0143"
"CX Service","Configure Employee Contact List of Values to Return Only the Latest Assignment","Help Desk","Help Desk Self-Service","michelle.walter@oracle.com","11.13.26.10.0","New","Published","Setup Required",,"Pavithra","Smita","Phil",,,,,,,,,,,,,,,,,,,,,,,,,,,,,,,,,,,,,,,,,,,,,,,,,,,,,,,,,,,,,,,,,,,,,,"26DCX Service0144"
"CX Service","Create Contacts from the Case Details Page","Help Desk","Case Management","chris.warner@oracle.com","11.13.26.10.0","New","New","Ready to use, small scale with prerequisite",,"Pavithra","Smita","Phil",,,,,,,,,,,,,,,,,,,,,,,,,,,,,,,,,,,,,,,,,,,,,,,,,,,,,,,,,,,,,,,,,,,,,,"26DCX Service0145"
"CX Service","Enhanced Contact Search for Chat and Phone Call Multi-Match Flows","Service Center","Service Channels","veena.verma@oracle.com","11.13.26.10.0","Ready","Published","Ready to use, larger scale","Redwood Platform","Pavithra","Smita","Phil",,,,,,,,,,,,,,,,,,,,,,,,,,,,,,,,,,,,,,,,,,,,,,,,,,,,,,,,,,,,,,,,,,,,,,"26DCX Service0146"
"CX Service","Fusion Service Center Administration in Redwood","Service Center","Service Request Management","diana.hunt@oracle.com","11.13.26.10.0","Ready","Published","Ready to use, small scale with prerequisite",,"Pavithra","Smita","Phil",,,,,,,,,,,,,,,,,,,,,,,,,,,,,,,,,,,,,,,,,,,,,,,,,,,,,,,,,,,,,,,,,,,,,,"26DCX Service0147"
"CX Service","Generate Knowledge from Human-Resolved Service Requests","Service Center","Service Request Management","fiona.guy@oracle.com","11.13.26.10.0","Ready","Published","Ready to use, small scale with prerequisite","AI agent","Pavithra","Smita","Phil",,,,,,,,,,,,,,,,,,,,,,,,,,,,,,,,,,,,,,,,,,,,,,,,,,,,,,,,,,,,,,,,,,,,,,"26DCX Service0148"
"CX Service","Identify Automation Gaps in Customer Journeys","Service Center","Service Request Management","sivakumar.narayan@oracle.com","11.13.26.10.0","New","New","Ready to use, small scale",,"Pavithra","Smita","Phil",,,,,,,,,,,,,,,,,,,,,,,,,,,,,,,,,,,,,,,,,,,,,,,,,,,,,,,,,,,,,,,,,,,,,,"26DCX Service0149"
"CX Service","Mark the message content of an inbound email as containing PII","Help Desk","Help Desk Self-Service","michelle.walter@oracle.com","11.13.26.10.0","New","Published","Ready to use, small scale with prerequisite",,"Pavithra","Smita","Phil",,,,,,,,,,,,,,,,,,,,,,,,,,,,,,,,,,,,,,,,,,,,,,,,,,,,,,,,,,,,,,,,,,,,,,"26DCX Service0150"
"CX Service","Persistent AI Conversations Across Oracle Fusion Service","Service Center","Service Request Management","edson.junior@oracle.com","11.13.26.10.0","Ready","Published","Ready to use, larger scale","AI agent","Pavithra","Smita","Phil",,,,,,,,,,,,,,,,,,,,,,,,,,,,,,,,,,,,,,,,,,,,,,,,,,,,,,,,,,,,,,,,,,,,,,"26DCX Service0151"
"CX Service","Responsive AI Execution for Extensibility","Service Center","Service Request Management","edson.junior@oracle.com","11.13.26.10.0","New","New",,,"Pavithra","Smita","Phil",,,,,,,,,,,,,,,,,,,,,,,,,,,,,,,,,,,,,,,,,,,,,,,,,,,,,,,,,,,,,,,,,,,,,,"26DCX Service0152"
"CX Service","Sankey-Based Visualization of Customer Journeys","Service Center","Service Analytics","sivakumar.narayan@oracle.com","11.13.26.10.0","New","New",,,"Pavithra","Smita","Phil",,,,,,,,,,,,,,,,,,,,,,,,,,,,,,,,,,,,,,,,,,,,,,,,,,,,,,,,,,,,,,,,,,,,,,"26DCX Service0153"
"CX Service","Service Execution Workspace (Agentic App)","Service Center","Service Request Management","edson.junior@oracle.com","11.13.26.10.0","Ready","Published","Security Adjustment","Agentic app","Pavithra","Smita","Phil",,,,,,,,,,,,,,,,,,,,,,,,,,,,,,,,,,,,,,,,,,,,,,,,,,,,,,,,,,,,,,,,,,,,,,"26DCX Service0154"
"CX Service","Service Operations Workspace (Agentic App)","Service Center","Service Request Management","scott.sloan@oracle.com","11.13.26.10.0","New","Published","Security Adjustment",,"Pavithra","Smita","Phil",,,,,,,,,,,,,,,,,,,,,,,,,,,,,,,,,,,,,,,,,,,,,,,,,,,,,,,,,,,,,,,,,,,,,,"26DCX Service0155"
"CX Service","Service Profiles Extensibility and Usability Enhancements","Service Center","Work Order Management","scott.sloan@oracle.com","11.13.26.10.0","New","Published","Visual Builder",,"Pavithra","Smita","Phil",,,,,,,,,,,,,,,,,,,,,,,,,,,,,,,,,,,,,,,,,,,,,,,,,,,,,,,,,,,,,,,,,,,,,,"26DCX Service0156"
"CX Service","Set Escalation Status Label for Service Requests","Service Center","Service Request Management","diana.hunt@oracle.com","11.13.26.10.0","Ready","Published","Ready to use, small scale with prerequisite",,"Pavithra","Smita","Phil",,,,,,,,,,,,,,,,,,,,,,,,,,,,,,,,,,,,,,,,,,,,,,,,,,,,,,,,,,,,,,,,,,,,,,"26DCX Service0157"
"CX Service","SmartText Authoring Experience in Redwood","Service Center","Service Request Management","veena.verma@oracle.com","11.13.26.10.0","Ready","Published","Setup Required","GenAI,Redwood Platform","Pavithra","Smita","Phil",,,,,,,,,,,,,,,,,,,,,,,,,,,,,,,,,,,,,,,,,,,,,,,,,,,,,,,,,,,,,,,,,,,,,,"26DCX Service0158"
"CX Service","SR Details Tab View Layout","Service Center","Service Request Management","edson.junior@oracle.com","11.13.26.10.0","Ready","Published","Visual Builder",,"Pavithra","Smita","Phil",,,,,,,,,,,,,,,,,,,,,,,,,,,,,,,,,,,,,,,,,,,,,,,,,,,,,,,,,,,,,,,,,,,,,,"26DCX Service0159"
"CX Service","Support custom sign-in for single third-party IdP in DCS Portal RI","Digital Customer Service","Digital Customer Service","petra.bikkembergs@oracle.com","11.13.26.10.0","New","Published","Ready to use, small scale",,"Pavithra","Smita","Phil",,,,,,,,,,,,,,,,,,,,,,,,,,,,,,,,,,,,,,,,,,,,,,,,,,,,,,,,,,,,,,,,,,,,,,"26DCX Service0160"
"CX Service","Support for new PIM Catalog in DCS Portal RI and Embedded Service RI","Digital Customer Service","Digital Customer Service","petra.bikkembergs@oracle.com","11.13.26.10.0","New","Published","Setup Required",,"Pavithra","Smita","Phil",,,,,,,,,,,,,,,,,,,,,,,,,,,,,,,,,,,,,,,,,,,,,,,,,,,,,,,,,,,,,,,,,,,,,,"26DCX Service0161"
"CX Service","Survey authoring agent as a workflow agent","Service Center","Service Channels","fiona.guy@oracle.com","11.13.26.10.0","Reviewed","Reviewed",,"AI agent","Pavithra","Smita","Phil",,,,,,,,,,,,,,,,,,,,,,,,,,,,,,,,,,,,,,,,,,,,,,,,,,,,,,,,,,,,,,,,,,,,,,"26DCX Service0162"
"CX Service","Survey Authoring in Redwood Service Center","Service Center","Service Channels","fiona.guy@oracle.com","11.13.26.10.0","Ready","Published","Ready to use, small scale",,"Pavithra","Smita","Phil",,,,,,,,,,,,,,,,,,,,,,,,,,,,,,,,,,,,,,,,,,,,,,,,,,,,,,,,,,,,,,,,,,,,,,"26DCX Service0163"
"CX Service","Survey Notification Assistant","Digital Customer Service","Digital Customer Service","fiona.guy@oracle.com","11.13.26.10.0","New","New","Ready to use, small scale with prerequisite",,"Pavithra","Smita","Phil",,,,,,,,,,,,,,,,,,,,,,,,,,,,,,,,,,,,,,,,,,,,,,,,,,,,,,,,,,,,,,,,,,,,,,"26DCX Service0164"
"CX Service","UPDATED DATE: Migrate from Classic HR Help Desk to Redwood PRIOR to 27B","Help Desk","Visual Builder","michelle.walter@oracle.com","11.13.26.10.0","New","Published","Setup Required",,"Pavithra","Smita","Phil",,,,,,,,,,,,,,,,,,,,,,,,,,,,,,,,,,,,,,,,,,,,,,,,,,,,,,,,,,,,,,,,,,,,,,"26DCX Service0165"
"CX Service","Uptake Similar SRs AI Agent","Service Center","Service Request Management","edson.junior@oracle.com","11.13.26.10.0","Ready","Published","Ready to use, small scale","AI agent","Pavithra","Smita","Phil",,,,,,,,,,,,,,,,,,,,,,,,,,,,,,,,,,,,,,,,,,,,,,,,,,,,,,,,,,,,,,,,,,,,,,"26DCX Service0166"
"CX Service","Use 'My Help Workspace for Employees' to provide efficiency through an Agentic App experience","Help Desk","Help Desk Self-Service","michelle.walter@oracle.com","11.13.26.10.0","New","Published","Setup Required","Agentic app","Pavithra","Smita","Phil",,,,,,,,,,,,,,,,,,,,,,,,,,,,,,,,,,,,,,,,,,,,,,,,,,,,,,,,,,,,,,,,,,,,,,"26DCX Service0167"
"CX Service","Use Redwood for administration and configuration tasks","Help Desk","Help Desk Request Management","michelle.walter@oracle.com","11.13.26.10.0","New","Published","Ready to use, larger scale",,"Pavithra","Smita","Phil",,,,,,,,,,,,,,,,,,,,,,,,,,,,,,,,,,,,,,,,,,,,,,,,,,,,,,,,,,,,,,,,,,,,,,"26DCX Service0168"
"CX Service","Use the New Redwood Activities List Page for Service Center, Help Desk and Case Management","Help Desk","Help Desk Request Management","chris.warner@oracle.com","11.13.26.10.0","New","New","Ready to use, small scale with prerequisite",,"Pavithra","Smita","Phil",,,,,,,,,,,,,,,,,,,,,,,,,,,,,,,,,,,,,,,,,,,,,,,,,,,,,,,,,,,,,,,,,,,,,,"26DCX Service0169"
"CX Sales","Configurable Adjustment of Bill Charge Value","Subscription Management","Subscription Management","sasikanth.sivaraj@oracle.com","11.13.26.10.0","New","Published","Ready to use, small scale",,"Pavithra","Niki","GSC",,,"Yes",,,,,,,,,"10/8/2026",,,,,,,,,,,,,,,,,,,,,,,,,,,,,,,,,,,,,,,,,,,,,,,,,,,,,,,,,,"26DCX Sales0170"
"CX Sales","Additional identifier support for Account, Contact and Household in Redwood","Sales Automation Core Common","Accounts and Contacts","trupti.patel@oracle.com","11.13.26.10.0","In Review","In Review","Visual Builder",,"Pavithra","Smita","GSC",,,"No","No documentation available
",,,,,,,,,,,,,,,,,,,,,,,,,,,,,,,,,,,,,,,,,,,,,,,,,,,,,,,,,,,,,,,,,,"26DCX Sales0171"
"CX Sales","Advanced Usage Rating with Formulas","Subscription Management","Subscription Management","rakesh.vadrevu@oracle.com","11.13.26.10.0","New","New",,,"Pavithra","Smita","GSC",,,"No","No documentation available",,,,,,,,,,,,,,,,,,,,,,,,,,,,,,,,,,,,,,,,,,,,,,,,,,,,,,,,,,,,,,,,,,"26DCX Sales0172"
"CX Sales","AI-powered forecast guidance with Forecast Advisor","Sales Performance Management","Application Composer","josephine.cassidy@oracle.com","11.13.26.10.0","New","Published","Setup Required",,"Pavithra","Smita","GSC","High",,"Yes","0000012427 - Sales Forecast Advisor Agent not available
The Forecast Advisor Agent not available in our demo pods yet. As per update from build team (Raghvender), it is expected to be available in 26DD01 content release, scheduled 26 Oct #300000016238732#",,,,,,,,"10/8/2026",,,,,,,,,,,,,,,,,,,,,,,,,,,,,,,,,,,,,,,,,,,,,,,,,,,,,"Feature Dropped",,,,,"26DCX Sales0173"
"CX Sales","Call a Smart Action on Button Click","Sales Automation Core Common","CX Framework","haresh.pahilajani@oracle.com","11.13.26.10.0","New","Published","Visual Builder",,"Pavithra","Smita","GSC",,,"Yes",,,,,,,,,"10/8/2026",,,,,,,,,,,,,,,,,,,,,,,,,,,,,,,,,,,,,,,,,,,,,,,,,,,,,,,,,,"26DCX Sales0174"
"CX Sales","Contact intelligence enhancements","Customer Data Management","Account and Contact Enrichment","trupti.patel@oracle.com","11.13.26.10.0","Ready","Ready","Setup Required",,"Pavithra","Smita","GSC","High",,"No","No documentation available",,,,,,,,,,,,,,,,,,,,,,,,,,,,,,,,,,,,,,,,,,,,,,,,,,,,,,,,,,,,,,,,,,"26DCX Sales0175"
"CX Sales","Data Capture Supports Auto Updatable fields","Sales Force Automation","Redwood User Experience","david.goldgof@oracle.com","11.13.26.10.0","New","New",,,"Pavithra","Smita","GSC",,,"No","No documentation available",,,,,,,,,,,,,,,,,,,,,,,,,,,,,,,,,,,,,,,,,,,,,,,,,,,,,,,,,,,,,,,,,,"26DCX Sales0176"
"CX Sales","Display target object fields for M:M related objects with a custom relationship","Sales Automation Core Common","CX Framework","haresh.pahilajani@oracle.com","11.13.26.10.0","New","Published","Visual Builder",,"Pavithra","Smita","GSC",,,"Yes",,,,,,,,,"10/9/2026",,,,,,,,,,,,,,,,,,,,,,,,,,,,,,,,,,,,,,,,,,,,,,,,,,,,,,,,,,"26DCX Sales0177"
"CX Sales","Edit Compensation Plans with AI Plan Builder","Sales Performance Management","Incentive Compensation","chad.bryant@oracle.com","11.13.26.10.0","New","In Review","Ready to use, small scale","AI agent","Pavithra","Smita","GSC","High",,"No","No documentation available",,,,,,,,,,,,,,,,,,,,,,,,,,,,,,,,,,,,,,,,,,,,,,,,,,,,,,,,,,,,,,,,,,"26DCX Sales0178"
"CX Sales","Export and Import Sales Orchestration Setup","Sales Force Automation","Redwood User Experience","atanu.gupta@oracle.com","11.13.26.10.0","New","New","Setup Required",,"Pavithra","Smita","GSC",,,"Yes",,,,,,,,,"10/9/2026",,,,,,,,,,,,,,,,,,,,,,,,,,,,,,,,,,,,,,,,,,,,,,,,,,,,,,,,,,"26DCX Sales0179"
"CX Sales","Faster Asset Discovery for Consolidated and Serialized Assets with Adaptive Search","Sales Automation Core Common","Search","kartik.bhatia@oracle.com","11.13.26.10.0","New","Published","Setup Required",,"Pavithra","Niki","GSC",,,"Yes",,,,,,,,,"10/9/2026",,,,,,,,,,,,,,,,,,,,,,,,,,,,,,,,,,,,,,,,,,,,,,,,,,,,,,,,,,"26DCX Sales0180"
"CX Sales","Generate Oracle CPQ Renewal Quotes from Subscription Renewals","Subscription Management","Subscription Management","sasikanth.sivaraj@oracle.com","11.13.26.10.0","New","Published","Ready to use, small scale with prerequisite",,"Pavithra","Niki","GSC",,,"Yes",,,,,,,,,"10/12/2026",,,,,,,,,,,,,,,,,,,,,,,,,,,,,,,,,,,,,,,,,,,,,,,,,,,,,,,,,,"26DCX Sales0181"
"CX Sales","Improve Partial-Name Search in Custom Customer Pickers","Sales Force Automation","Redwood User Experience","teodoro.pimentel@oracle.com","11.13.26.10.0","New","New","Opt In plus Setup",,"Pavithra","Smita","GSC",,,"No","No documentation available",,,,,,,,,,,,,,,,,,,,,,,,,,,,,,,,,,,,,,,,,,,,,,,,,,,,,,,,,,,,,,,,,,"26DCX Sales0182"
"CX Sales","Ingest Contract Documents Using AI","Sales Force Automation","Enterprise Contracts","poornima.muthukrishnan@oracle.com","11.13.26.10.0","New","Published","Setup Required",,"Pavithra","Smita","GSC",,,"Yes",,,,,,,,,"10/12/2026",,,,,,,,,,,,,,,,,,,,,,,,,,,,,,,,,,,,,,,,,,,,,,,,,,,,,,,,,,"26DCX Sales0183"
"CX Sales","Intelligent Plan Change Management","Sales Performance Management","Incentive Compensation","chad.bryant@oracle.com","11.13.26.10.0","New","In Review","Ready to use, small scale","AI agent","Pavithra","Smita","GSC",,,"No","No documentation available",,,,,,,,,,,,,,,,,,,,,,,,,,,,,,,,,,,,,,,,,,,,,,,,,,,,,,,,,,,,,,,,,,"26DCX Sales0184"
"CX Sales","Lead Advisor Workflow Agent","Sales Force Automation","Redwood User Experience","piyush.ja.jain@oracle.com","11.13.26.10.0","New","New","Ready to use, larger scale with prerequisite",,"Pavithra","Smita","GSC",,,"No","No documentation available",,,,,,,,,,,,,,,,,,,,,,,,,,,,,,,,,,,,,,,,,,,,,,,,,,,,,,,,,,,,,,,,,,"26DCX Sales0185"
"CX Sales","Manage Active Territories Using the Redwood Territories Experience","Sales Performance Management","Territory Management","josephine.cassidy@oracle.com","11.13.26.10.0","New","Published","Ready to use, small scale with prerequisite",,"Pavithra","Niki","GSC",,,"Yes",,,,,,,,,"10/12/2026",,,,,,,,,,,,,,,,,,,,,,,,,,,,,,,,,,,,,,,,,,,,,,,,,,,,,,,,,,"26DCX Sales0186"
"CX Sales","OTBI Support for Sales Catalog Configured in Product Information Management (PIM)","Sales Automation Foundation Common","Sales Analytics","keri.palko@oracle.com","11.13.26.10.0","New","Published","Ready to use, small scale with prerequisite",,"Pavithra","Niki","GSC",,,"Yes",,,,,,,,,"10/13/2026",,,,,,,,,,,,,,,,,,,,,,,,,,,,,,,,,,,,,,,,,,,,,,,,,,,,,,,,,,"26DCX Sales0187"
"CX Sales","Pre-Meeting Brief in Oracle Sales Add-in for Outlook","Sales Force Automation","Sales for Outlook","gopal.y.sharma@oracle.com","11.13.26.10.0","New","New",,,"Pavithra","Smita","GSC","High",,"No","No documentation available",,,,,,,,,,,,,,,,,,,,,,,,,,,,,,,,,,,,,,,,,,,,,,,,,,,,,,,,,,,,,,,,,,"26DCX Sales0188"
"CX Sales","Product, Product Group Searches and Browse Catalog based on Item Catalog and Category","Sales Automation Foundation Common","Sales Catalog","gnanaprakash.dasari@oracle.com","11.13.26.10.0","New","New",,,"Pavithra","Smita","GSC",,,"No","No documentation available",,,,,,,,,,,,,,,,,,,,,,,,,,,,,,,,,,,,,,,,,,,,,,,,,,,,,,,,,,,,,,,,,,"26DCX Sales0189"
"CX Sales","Prospective Revenue Treatment for Subscription Price Adjustments","Subscription Management","Subscription Management","sasikanth.sivaraj@oracle.com","11.13.26.10.0","New","Published","Ready to use, small scale with prerequisite",,"Pavithra","Niki","GSC",,,"Yes",,,,,,,,,"10/13/2026",,,,,,,,,,,,,,,,,,,,,,,,,,,,,,,,,,,,,,,,,,,,,,,,,,,,,,,,,,"26DCX Sales0190"
"CX Sales","Protect Subscription Charge Prices Ceiling Limits","Subscription Management","Subscription Management","sasikanth.sivaraj@oracle.com","11.13.26.10.0","New","Published","Ready to use, small scale",,"Pavithra","Smita","GSC",,,"Yes",,,,,,,,,"10/13/2026",,,,,,,,,,,,,,,,,,,,,,,,,,,,,,,,,,,,,,,,,,,,,,,,,,,,,,,,,,"26DCX Sales0191"
"CX Sales","Redwood: Contract Expert","Sales Force Automation","Enterprise Contracts","poornima.muthukrishnan@oracle.com","11.13.26.10.0","New","Published","Setup Required","AI agent,Redwood Platform","Pavithra","Smita","GSC",,,"Yes","0000012428 - Contract Expert Agent not available.
Ticket response: 08/Oct
As per update from our build team (Vamsi), this feature of Contract Expert Agent will be available in 26DD01 content release, scheduled to be available on 26 Oct. 
#300000016205012#",,,,,,,,"10/14/2026",,,,,,,,,,,,,,,,,,,,,,,,,,,,,,,,,,,,,,,,,,,,,,,,,,,,,"Feature Dropped",,,,,"26DCX Sales0192"
"CX Sales","Redwood: Renew Contracts","Sales Force Automation","Enterprise Contracts","poornima.muthukrishnan@oracle.com","11.13.26.10.0","New","Published","Opt In plus Setup","Redwood Platform","Pavithra","Niki","GSC",,,"Yes",,,,,,,,,"10/14/2026",,,,,,,,,,,,,,,,,,,,,,,,,,,,,,,,,,,,,,,,,,,,,,,,,,,,,,,,,,"26DCX Sales0193"
"CX Sales","Review Plan Insights & Recommendations","Sales Performance Management","Incentive Compensation","chad.bryant@oracle.com","11.13.26.10.0","New","New","Ready to use, small scale with prerequisite","AI agent","Pavithra","Smita","GSC","High",,"No","No documentation available",,,,,,,,,,,,,,,,,,,,,,,,,,,,,,,,,,,,,,,,,,,,,,,,,,,,,,,,,,,,,,,,,,"26DCX Sales0194"
"CX Sales","Rollup Setup with AI Guidance","Sales Automation Core Common","Simplified Setup","trupti.patel@oracle.com","11.13.26.10.0","In Review","New","Setup Required",,"Pavithra","Smita","GSC",,,"No","No documentation available",,,,,,,,,,,,,,,,,,,,,,,,,,,,,,,,,,,,,,,,,,,,,,,,,,,,,,,,,,,,,,,,,,"26DCX Sales0195"
"CX Sales","Sales Orchestration App in Agent App Builder","Sales Force Automation","Redwood User Experience","atanu.gupta@oracle.com","11.13.26.10.0","In Review","In Review","Setup Required",,"Pavithra","Smita","GSC",,,"Yes",,,,,,,,,"10/14/2026",,,,,,,,,,,,,,,,,,,,,,,,,,,,,,,,,,,,,,,,,,,,,,,,,,,,,,,,,,"26DCX Sales0196"
"CX Sales","Selected Contracts Bug Fixes in This Update","Sales Force Automation","Enterprise Contracts","poornima.muthukrishnan@oracle.com","11.13.26.10.0","New","Published","Ready to use, small scale with prerequisite",,"Pavithra","Niki","GSC",,,"Yes",,,,,,,,,"10/7/2026",,,,,,,,,,,,,,,,,,,,,,,,,,,,,,,,,,,,,,,,,,,,,,,,,,,,,,,,,,"26DCX Sales0197"
"CX Sales","Source Citations for Agent Responses","Sales Force Automation","Redwood User Experience","atanu.gupta@oracle.com","11.13.26.10.0","New","New","Setup Required","Agentic app","Pavithra","Smita","GSC",,,"No","No documentation available",,,,,,,,,,,,,,,,,,,,,,,,,,,,,,,,,,,,,,,,,,,,,,,,,,,,,,,,,,,,,,,,,,"26DCX Sales0198"
"CX Sales","Subscription Signals and AI Outcomes","Subscription Management","Subscription Management","siddharth.m@oracle.com","11.13.26.10.0","New","New",,,"Pavithra","Smita","GSC",,,"No","No documentation available",,,,,,,,,,,,,,,,,,,,,,,,,,,,,,,,,,,,,,,,,,,,,,,,,,,,,,,,,,,,,,,,,,"26DCX Sales0199"
"CX Sales","Support for displaying custom content for a child object","Sales Automation Core Common","CX Framework","haresh.pahilajani@oracle.com","11.13.26.10.0","New","Published","Visual Builder",,"Pavithra","Smita","GSC",,,"Yes",,,,,,,,,"10/7/2026",,,,,,,,,,,,,,,,,,,,,,,,,,,,,,,,,,,,,,,,,,,,,,,,,,,,,,,,,,"26DCX Sales0200"
"CX Sales","Support Subscription Products for Asset-Based Ordering","Subscription Management","Subscription Management","sasikanth.sivaraj@oracle.com","11.13.26.10.0","New","In Review","Ready to use, larger scale with prerequisite",,"Pavithra","Smita","GSC",,,"Yes",,,,,,,,,"10/7/2026",,,,,,,,,,,,,,,,,,,,,,,,,,,,,,,,,,,,,,,,,,,,,,,,,,,,,,,,,,"26DCX Sales0201"
"CX Sales","Trigger Agent Teams in Event Routines for CPQ Transactions and Transaction Lines","Sales Automation Core Common","CRM Common Components","marta.studinger@oracle.com","11.13.26.10.0","New","Ready","Ready to use, small scale with prerequisite",,"Pavithra","Smita","GSC",,,"Yes",,,,,,,,,"10/15/2026",,,,,,,,,,,,,,,,,,,,,,,,,,,,,,,,,,,,,,,,,,,,,,,,,,,,,,,,,,"26DCX Sales0202"
"CX Sales","Trigger Agent Teams on Objects Supported by Event Routines","Sales Automation Core Common","CRM Common Components","marta.studinger@oracle.com","11.13.26.10.0","New","In Review","Ready to use, small scale",,"Pavithra","Smita","GSC",,,"Yes",,,,,,,,,"10/15/2026",,,,,,,,,,,,,,,,,,,,,,,,,,,,,,,,,,,,,,,,,,,,,,,,,,,,,,,,,,"26DCX Sales0203"
"CX Sales","View As-Sold Asset Hierarchies from Subscriptions","Subscription Management","Subscription Management","sasikanth.sivaraj@oracle.com","11.13.26.10.0","New","In Review","Ready to use, small scale with prerequisite",,"Pavithra","Smita","GSC",,,"Yes",,,,,,,,,"10/15/2026",,,,,,,,,,,,,,,,,,,,,,,,,,,,,,,,,,,,,,,,,,,,,,,,,,,,,,,,,,"26DCX Sales0204"
"CX Sales","Create intake requests for procurement contracts","Sales Force Automation","Enterprise Contracts",,"11.13.26.10.0",,,"Ready to use, small scale with prerequisite","Redwood","Pavithra","Smita","GSC",,,"Yes",,,,,,,,,"10/8/2026",,,,,,,,,,,,,,,,,,,,,,,,,,,,,,,,,,,,,,,,,,,,,,,,,,,,,,,,,,"26DCX Sales0205"
"CX CPQ","Configure, Price, Quote Unboxing","Configure, Price, Quote","Configure, Price, Quote",,,,,"Unboxing",,"Pavithra","Pavithra","Shivam",,,"Yes",,,,,,,,,,,,,,,,,,,,,,,,,,,,,,,,,,,,,,,,,,,,,,,,,,,,,,,,,,,,,,,,,,,"26DCX CPQ0206"
"CX Service","Service Center Unboxing","Service Center",,,,,,"Unboxing",,"Pavithra","Pavithra","Phil",,,,,,,,,,,,,,,,,,,,,,,,,,,,,,,,,,,,,,,,,,,,,,,,,,,,,,,,,,,,,,,,,,,,,,"26DCX Service0207"
"CX Service","Help Desk Unboxing","Help Desk",,,,,,"Unboxing",,"Pavithra","Pavithra","Phil",,,,,,,,,,,,,,,,,,,,,,,,,,,,,,,,,,,,,,,,,,,,,,,,,,,,,,,,,,,,,,,,,,,,,,"26DCX Service0208"
"CX Service","Service Center Unboxing","Service Center",,,,,,"Unboxing",,"Pavithra","Pavithra","Phil",,,,,,,,,,,,,,,,,,,,,,,,,,,,,,,,,,,,,,,,,,,,,,,,,,,,,,,,,,,,,,,,,,,,,,"26DCX Service0209"
"CX Service","Digital Customer Service Unboxing","Digital Customer Service",,,,,,"Unboxing",,"Pavithra","Pavithra","Phil",,,,,,,,,,,,,,,,,,,,,,,,,,,,,,,,,,,,,,,,,,,,,,,,,,,,,,,,,,,,,,,,,,,,,,"26DCX Service0210"
"CX Service","Help Desk Unboxing","Help Desk",,,,,,"Unboxing",,"Pavithra","Pavithra","Pavithra",,,,,,,,,,,,,,,,,,,,,,,,,,,,,,,,,,,,,,,,,,,,,,,,,,,,,,,,,,,,,,,,,,,,,,"26DCX Service0211"
"CX Sales","Subscription Management Unboxing","Subscription Management Unboxing",,,,,,"Unboxing",,"Pavithra","Pavithra","GSC",,,"Yes",,,,,,,,,"10/9/2026",,,,,,,,,,,,,,,,,,,,,,,,,,,,,,,,,,,,,,,,,,,,,,,,,,,,,,,,,,"26DCX Sales0212"
"CX Sales","Sales Automation Core Common Unboxing","Sales Automation Core Common Unboxing",,,,,,"Unboxing",,"Pavithra","Pavithra","GSC",,,"Yes",,,,,,,,,"10/12/2026",,,,,,,,,,,,,,,,,,,,,,,,,,,,,,,,,,,,,,,,,,,,,,,,,,,,,,,,,,"26DCX Sales0213"
"CX Sales","Sales Performance Management Unboxing","Sales Performance Management Unboxing",,,,,,"Unboxing",,"Pavithra","Pavithra","GSC",,,"Yes",,,,,,,,,"10/13/2026",,,,,,,,,,,,,,,,,,,,,,,,,,,,,,,,,,,,,,,,,,,,,,,,,,,,,,,,,,"26DCX Sales0214"
"CX Sales","Customer Data Management Unboxing","Customer Data Management Unboxing",,,,,,"Unboxing",,"Pavithra","Pavithra","GSC",,,"Yes",,,,,,,,,"10/14/2026",,,,,,,,,,,,,,,,,,,,,,,,,,,,,,,,,,,,,,,,,,,,,,,,,,,,,,,,,,"26DCX Sales0215"
"CX Sales","Sales Force Automation Unboxing","Sales Force Automation Unboxing",,,,,,"Unboxing",,"Pavithra","Pavithra","GSC",,,"Yes",,,,,,,,,"10/6/2026",,,,,,,,,,,,,,,,,,,,,,,,,,,,,,,,,,,,,,,,,,,,,,,,,,,,,,,,,,"26DCX Sales0216"
"CX Sales","Sales Automation Foundation Common Unboxing","Sales Automation Foundation Common Unboxing",,,,,,"Unboxing",,"Pavithra","Pavithra","GSC",,,"Yes",,,,,,,,,"10/6/2026",,,,,,,,,,,,,,,,,,,,,,,,,,,,,,,,,,,,,,,,,,,,,,,,,,,,,,,,,,"26DCX Sales0217"
